kaslr.mix64_avalanche	PASS	
dtb.chosen_kaslr_seed_present	PASS	
mmio.kernel_reservation_union	PASS	
dtb.msi_map_bounds	PASS	
dtb.pci_msi_route	PASS	
dtb.pci_intx_route	PASS	
dtb.pci_intid_is_level	PASS	
dtb.pci_mem_window	PASS	
dtb.pci_mem_window64	PASS	
phys.alloc_smoke	PASS	
phys.leak_10k	PASS	
slub.kmem_smoke	PASS	
slub.leak_10k	PASS	
slub.kmalloc_overflow_guard	PASS	
slub.cache_destroy_guards	PASS	
gic.its_commands	PASS	
gic.irq_barrier	PASS	
gic.init_smoke	PASS	
gic.cpu_irq_counter_geometry	PASS	
timer.tick_increments	PASS	
timer.oneshot_tval_clamps	PASS	
timer.arm_oneshot_restores	PASS	
extinction.claim_word_exactly_one_winner	PASS	
extinction.console_unclaimed_on_clean_boot	PASS	
clock.monotonic_advances	PASS	
clock.realtime_anchored	PASS	
clock.wallclock_offset_math	PASS	
clock.identity_syscalls	PASS	
clock.gettime_errors	PASS	
clock.settime_reanchors	PASS	
clock.settime_cap_gate	PASS	
hardening.detect_smoke	PASS	
alternatives.patch_applied	PASS	
alternatives.atomics_correct	PASS	
context.create_destroy	PASS	
context.round_trip	PASS	
context.switch_irq_safe	PASS	
fp.cpacr_enabled	PASS	
fp.round_trip_v_regs_fpsr_fpcr	PASS	
fp.note_area_round_trip	PASS	
scheduler.dispatch_smoke	PASS	
scheduler.runnable_count	PASS	
scheduler.runnable_count_excludes_idle	PASS	
scheduler.preemption_smoke	PASS	
scheduler.idle_in_wfi_observability	PASS	
scheduler.notify_idle_peer_smoke	PASS	
scheduler.notify_disabled_no_ipi	PASS	
scheduler.capacity_normalize_synthetic_dtb	PASS	
scheduler.place_by_capacity_synthetic_dtb	PASS	
scheduler.select_target_cpu_homogeneous_is_prev	PASS	
scheduler.ready_on_cross_cpu_enqueue	PASS	
scheduler.cpu_surplus_for_kick	PASS	
scheduler.yield_fast_path_no_work	PASS	
scheduler.yield_dispatches_queued_work	PASS	
scheduler.ready_on_clamps_stale_vd	PASS	
scheduler.wake_preempts_policy	PASS	
scheduler.wake_preempt_same_cpu	PASS	
spinlock.preempt_count_balance	PASS	
scheduler.preempt_gate_defers_while_locked	PASS	
rendez.sleep_immediate_cond_true	PASS	
rendez.basic_handoff	PASS	
rendez.death_interrupts_sleep	PASS	
rendez.wakeup_no_waiter	PASS	
rendez.intr_terminate_interrupts_sleep	PASS	
rendez.intr_terminate_register_observe	PASS	
rendez.intr_terminate_masked_sleeps_through	PASS	
rendez.intr_terminate_interrupts_tsleep	PASS	
rendez.reader_frame_predicate	PASS	
rendez.reader_frame_blocks_death	PASS	
rendez.reader_frame_blocks_death_sleep	PASS	
rendez.caught_wake_child_exit	PASS	
rendez.caught_wake_tty_susp	PASS	
rendez.caught_wake_tty_cont	PASS	
rendez.caught_wake_orphan_hup_cont	PASS	
rendez.caught_note_one_unwind	PASS	
rendez.caught_note_tail_discards_and_releases	PASS	
rendez.caught_note_release_wakes_peer	PASS	
tsleep.fast_path_cond_true	PASS	
tsleep.no_deadline_degrades	PASS	
tsleep.past_deadline_immediate	PASS	
tsleep.woken_before_deadline	PASS	
tsleep.timeout_via_tick	PASS	
tsleep.herd_timeout	PASS	
timerwait.earliest_deadline	PASS	
tickless.target_cnt	PASS	
smp.bringup_smoke	PASS	
smp.exception_stack_smoke	PASS	
smp.per_cpu_idle_smoke	PASS	
smp.ipi_resched_smoke	PASS	
smp.work_stealing_smoke	PASS	
smp.secondary_stack_guard_layout	PASS	
proc.rfork_basic_smoke	PASS	
proc.rfork_exits_status	PASS	
proc.rfork_stress_1000	PASS	
proc.cascading_rfork_wait_smoke	PASS	
proc.cascading_rfork_stress	PASS	
proc.orphan_reparent_smoke	PASS	
proc.orphan_diag_uses_cons_path	PASS	
proc.orphan_reparent_to_init	PASS	
proc.orphan_reparent_zombie_to_init	PASS	
proc.console_attached_smoke	PASS	
proc.stripes_smoke	PASS	
proc.group_terminate_smoke	PASS	
proc.legate_scope_teardown	PASS	
proc.legate_teardown_except_and_zero	PASS	
pgrp.defaults_and_inherit	PASS	
pgrp.setsid_semantics	PASS	
pgrp.setpgid_rule_matrix	PASS	
pgrp.zombie_reads_alive_mutations	PASS	
tty.note_post_gate	PASS	
tty.pgrp_fanout_exactly_once	PASS	
tty.terminate_class_gate	PASS	
pts.mint_bind_resolve_free	PASS	
pts.gen_guard_stale_id	PASS	
pts.authority_minting_server_only	PASS	
pts.binding_dedup_bounds_uniqueness	PASS	
pts.full_registry_torn_conn_gc	PASS	
pts.syscall_gates	PASS	
pts.tty_acquire_matrix	PASS	
pts.tty_set_get_fg_matrix	PASS	
pts.tty_signal_routing	PASS	
pts.tty_tstp_stop_cont_seam	PASS	
pts.teardown_hup_cont	PASS	
proc.legate_teardown_from_zombie_chokepoint	PASS	
proc.rfork_refused_while_terminating	PASS	
proc.walk_deep_chain	PASS	
proc.walk_preorder_and_early_exit	PASS	
proc.wait_pid_for_no_match	PASS	
proc.wait_pid_for_wnohang_alive_then_reap	PASS	
proc.wait_pid_for_selects_target	PASS	
proc.wait_pid_for_skips_adopted_orphan_zombie	PASS	
proc.wait_pid_for_pgrp_selectors	PASS	
proc.wait_pid_for_report_not_reap	PASS	
proc.wait_pid_syscall_untraced_flag	PASS	
proc.job_stop_owner_algebra	PASS	
proc.job_stop_park_report_cont_live	PASS	
proc.job_stop_recycle	PASS	
proc.job_stop_preserves_torpor_wait	PASS	
proc.job_stop_orphan_rule	PASS	
proc.exec_reset_dispositions	PASS	
proc.exec_drops_image_note_state	PASS	
resource.exempt_only_system	PASS	
resource.page_charge_caps	PASS	
resource.page_peak_high_water	PASS	
resource.spawn_budget_resolve	PASS	
resource.measured_compile_needs_raise	PASS	
resource.thread_cap_ok	PASS	
resource.child_cap_ok	PASS	
resource.child_count_tracks_list	PASS	
resource.child_count_rfork_reap	PASS	
exec_ns.resolve_absolute_ok	PASS	
exec_ns.resolve_relative_ok	PASS	
exec_ns.miss_returns_null	PASS	
exec_ns.non_executable_denied	PASS	
exec_ns.noexec_mount_denied	PASS	
exec_ns.pheno_mount_crossing	PASS	
mmap_file.noexec_mount_denied	PASS	
mmap_file.devenv_never_exec_backs	PASS	
map_file.native_arms	PASS	
map_file.native_refusals	PASS	
map_file.native_noexec_denied	PASS	
namespace_layout.proc_ctl_cross	PASS	
resource.page_cap_attach_enforced	PASS	
resource.vma_cap	PASS	
resource.attach_charges_buddy_rounded	PASS	
resource.detach_shared_in_keeps_page_count	PASS	
resource.detach_retained_handle_keeps_page_count	PASS	
burrow.backing_pages_matches_alloc	PASS	
proc_identity.kproc_is_system	PASS	
proc_identity.rfork_inherits	PASS	
proc_identity.apply_sets_fields	PASS	
proc_identity.spawn_set_rejected_without_cap	PASS	
proc_identity.spawn_set_accepted_with_cap	PASS	
proc_identity.set_rejects_reserved	PASS	
proc_identity.set_rejects_system_supp_gid	PASS	
proc_identity.peer_snapshot_by_stripes	PASS	
proc_identity.peer_snapshot_console_owner	PASS	
territory.bind_smoke	PASS	
territory.cycle_rejected	PASS	
territory.fork_isolated	PASS	
territory.clone_copies_root_pheno	PASS	
territory.render_root_pheno	PASS	
territory.cwd_lexical	PASS	
territory.cwd_join	PASS	
territory.cwd_dot	PASS	
territory_mount.smoke	PASS	
territory_mount.idempotent_same_source	PASS	
territory_mount.idempotent_converges_flags	PASS	
territory_mount.mrepl_replaces	PASS	
territory_mount.mrepl_existing_replaces_group	PASS	
territory_mount.mbefore_moves_existing	PASS	
territory_mount.unmount_missing_returns_error	PASS	
territory_mount.table_full	PASS	
territory_mount.clone_bumps_refs	PASS	
territory_mount.destroy_drops_all_refs	PASS	
territory_mount.devno_disambiguates	PASS	
territory_mount.noexec_covers	PASS	
territory_mount.rejects_cycle	PASS	
territory_mount.mp_path_lifecycle	PASS	
territory_mount.format_ns	PASS	
territory_mount.lookup_ref_survives_unmount	PASS	
territory_mount.union_keeps_covered	PASS	
territory_mount.no_covered_unless_fresh	PASS	
territory_mount.covered_file_point_stays_plain	PASS	
territory_mount.covered_reposition	PASS	
territory_mount.covered_leaves_with_last	PASS	
territory_mount.covered_needs_two_slots	PASS	
territory_mount.covered_self_mount_refused	PASS	
territory_mount.covered_clone	PASS	
territory_mount.covered_noexec_scoped	PASS	
territory_mount.covered_format_ns	PASS	
territory_mount.root_ref_survives_pivot	PASS	
territory.chroot_smoke	PASS	
territory.chroot_idempotent_same_spoor	PASS	
territory.chroot_replace_clunks_old	PASS	
territory.chroot_clone_bumps_ref	PASS	
territory.chroot_destroy_drops_ref	PASS	
territory.chroot_null_returns_error	PASS	
territory.pivot_root_smoke	PASS	
territory.pivot_root_rejects_no_initial_root	PASS	
territory.pivot_root_idempotent_same_spoor	PASS	
territory.pivot_root_null_source_rejected	PASS	
territory.pivot_root_keeps_reachable_mount	PASS	
territory.shed_pivot_drops_unreachable	PASS	
territory.shed_chroot_drops_unreachable	PASS	
territory.shed_keeps_transitive	PASS	
territory.shed_per_walker_dev_matched_on_dc	PASS	
territory.shed_same_root_is_a_noop	PASS	
territory.shed_preserves_union_order	PASS	
territory.shed_clone_before_pivot_unaffected	PASS	
territory.shed_union_root_keeps_point_entries	PASS	
territory.shed_drops_nested_orphan	PASS	
territory.shed_full_table_boundary	PASS	
territory.shed_releases_mp_path_once	PASS	
territory.shed_initial_chroot_and_root_as_source	PASS	
territory.shed_covered_shares_fate	PASS	
handles.alloc_close_smoke	PASS	
handles.rights_monotonic	PASS	
handles.dup_lifecycle	PASS	
handles.full_table_oom	PASS	
handles.kind_classifiers	PASS	
handles.srv_kind	PASS	
handles.replace	PASS	
handles.cloexec_lifecycle	PASS	
handles.cloexec_exec_sweep	PASS	
handles.cloexec_fork_preserves	PASS	
handles.dup_posix	PASS	
handles.dup_to	PASS	
burrow.create_close_round_trip	PASS	
burrow.refcount_lifecycle	PASS	
burrow.map_unmap_lifecycle	PASS	
burrow.handles_x_mappings_matrix	PASS	
burrow.via_handle_table	PASS	
burrow.handle_table_orphan_cleanup	PASS	
burrow.size_overflow_rejected	PASS	
burrow.settled_drop_retains_nonfinal_charge	PASS	
burrow.settled_drop_exact_payer	PASS	
burrow.settled_mapping_drop_defers_free	PASS	
burrow.unmap_failure_leaves_mapping_attached	PASS	
burrow.unmap_interior_start_refused	PASS	
jit.create_requires_cap	PASS	
jit.create_rejects_bad_args	PASS	
jit.dual_alias_pte_wx_clean	PASS	
jit.charges_once_per_region	PASS	
jit.destroy_tears_down_both	PASS	
jit.destroy_rejects_non_writer	PASS	
jit.alias_not_detachable	PASS	
jit.icache_sync_gate	PASS	
jit.write_visible_at_exec_alias	PASS	
burrow.dup_oom_rollback	PASS	
burrow.file_create_close_round_trip	PASS	
burrow.file_create_failure_retains_spoor	PASS	
burrow.file_map_unmap_lifecycle	PASS	
burrow.file_resident_pages_freed	PASS	
image.miss_then_hit_shares	PASS	
image.distinct_qid_distinct_entry	PASS	
image.qid_vers_bump_new_entry	PASS	
image.distinct_offset_distinct_entry	PASS	
image.exec_discriminates_key	PASS	
image.eviction_bounds_cache	PASS	
image.bad_arg_retains_spoor	PASS	
asid.width_valid	PASS	
asid.resolve_reuse	PASS	
asid.distinct_active	PASS	
asid.rollover_preserves	PASS	
proc.pgtable_alloc_smoke	PASS	
proc.pgtable_lifecycle_stress	PASS	
proc.ttbr0_swap_smoke	PASS	
proc.pgtable_destroy_walk_releases_subtables	PASS	
burrow.map_proc_smoke	PASS	
burrow.map_proc_constraints	PASS	
burrow.map_proc_overlap_rejected	PASS	
burrow.map_proc_user_va_top_boundary	PASS	
burrow.unmap_proc_smoke	PASS	
burrow.unmap_proc_no_match	PASS	
burrow.share_into_cross_proc	PASS	
burrow.share_into_alive_while_either_maps	PASS	
burrow.share_into_frees_on_last_drop	PASS	
burrow.share_into_constraints	PASS	
weft.ring_basic	PASS	
weft.ring_toctou_snapshot	PASS	
weft.ring_bounds_reject	PASS	
weft.binding_validate_rw	PASS	
weft.ring_multi_split	PASS	
weft.should_ring_threshold	PASS	
weft.ring_layout_constraints	PASS	
weft.ready_signal_observe	PASS	
weft.ready_park_handshake	PASS	
weft.ready_arm_park_sees_race	PASS	
weft.notif_terminal_release	PASS	
weft.notif_premature_blocked	PASS	
weft.notif_copied_immediate	PASS	
weft.share_register_claim	PASS	
weft.share_full	PASS	
weft.share_owner_gc	PASS	
weft.hostmem_share	PASS	
weft.hostmem_refcount	PASS	
weft.hostmem_resolve	PASS	
weft.syscall_share	PASS	
weft.map_binding_lifetime	PASS	
weft.share_cap_gate	PASS	
weft.share_rejects_plain_dma	PASS	
weft.weave_share_and_claim	PASS	
weft.gpu_bo_share_and_claim	PASS	
weft.unshare_disarm	PASS	
weft.shared_map_budget_cap	PASS	
weft.weave_clunk_unmap_guard	PASS	
weft.sharer_charge_released_at_detach	PASS	
weft.reap_kproc_pid_survives_walk	PASS	
weft.reap_orphan_reclaimed	PASS	
weft.reap_live_session_untouched	PASS	
weft.reap_close_unregisters	PASS	
pgtable.install_user_pte_smoke	PASS	
pgtable.install_user_pte_constraints	PASS	
pgtable.install_user_pte_attr_index	PASS	
pgtable.install_user_pte_idempotent	PASS	
demand_page.smoke	PASS	
demand_page.no_vma	PASS	
demand_page.permission_denied	PASS	
demand_page.lifecycle_round_trip	PASS	
demand_page.file_smoke	PASS	
demand_page.file_pagein_not_note_interruptible	PASS	
demand_page.file_pages_charge_the_holder	PASS	
demand_page.idle_image_reclaimed_under_pressure	PASS	
demand_page.reclaim_asks_for_the_shortfall	PASS	
demand_page.alignment_abort_is_bus_not_handled	PASS	
demand_page.file_rodata_prot	PASS	
demand_page.file_geometry_shift_bails	PASS	
demand_page.file_geometry_shift_bails_single	PASS	
demand_page.file_read_error_snare_bus	PASS	
demand_page.file_multi_page	PASS	
demand_page.file_short_read_fills_page	PASS	
demand_page.file_cluster_short_read	PASS	
demand_page.file_eof_tail_zero	PASS	
demand_page.file_past_limit_bus	PASS	
demand_page.file_partial_page_zero_with_limit	PASS	
demand_page.file_cluster_clamps_at_limit	PASS	
demand_page.lazy_zero_fill	PASS	
demand_page.lazy_decommit_refault	PASS	
demand_page.lazy_charge_on_fault_oom	PASS	
demand_page.lazy_detach_uncharges_resident	PASS	
vdso.page_populated	PASS	
vdso.publish_updates	PASS	
vdso.mono_matches_timer	PASS	
vdso.maps_ro_read	PASS	
vdso.maps_ro_write_faults	PASS	
exec.setup_smoke	PASS	
exec.interp_argv_shape	PASS	
exec.from_spoor_rodata_dispatch	PASS	
exec.unaligned_segment_loads	PASS	
exec.unaligned_lazy_segment_loads	PASS	
exec.shared_page_segments_refused	PASS	
exec.unaligned_stays_off_image_cache	PASS	
exec.from_spoor_aliased_window_distinct	PASS	
exec.setup_segment_data_copied	PASS	
exec.setup_constraints	PASS	
execve.load_into_detached	PASS	
execve.load_into_rejects_dirty	PASS	
execve.load_refuses_nomem_at_the_pool_edge	PASS	
execve.load_refuses_nomem_on_the_frame	PASS	
execve.failed_load_leaves_target_drainable	PASS	
exec.native_rejects_dynamic_linux	PASS	
exec.load_failure_leaves_phenotype	PASS	
exec.reset_follows_decided_phenotype	PASS	
exec.interp_dispatch_every_phenotype	PASS	
exec.setup_multi_segment	PASS	
exec.setup_lifecycle_round_trip	PASS	
exec.user_stack_guard	PASS	
exec.setup_auxv	PASS	
exec.setup_auxv_no_phdr_segment	PASS	
exec.setup_bss_tail_icache_synced	PASS	
exec.from_spoor_bss_only_text_icache_synced	PASS	
exec.setup_env_frame	PASS	
exec.stage_env_bounds	PASS	
exec.writable_segment_is_sparse	PASS	
exec.stack_is_sparse	PASS	
syscall.dispatch_unknown	PASS	
syscall.dispatch_puts_smoke	PASS	
syscall.dispatch_exits_ok	PASS	
syscall.dispatch_exits_fail	PASS	
syscall.dispatch_exit_group_code	PASS	
syscall.dispatch_args_in_x0_to_x5	PASS	
syscall.dispatch_set_tid_address	PASS	
syscall.opath_walkonly_no_byte_io	PASS	
uaccess.fixup_table_well_formed	PASS	
uaccess.fixup_lookup_known	PASS	
uaccess.fixup_lookup_unknown_returns_zero	PASS	
uaccess.load_u8_unmapped_user_va_returns_minus1	PASS	
uaccess.copy_out_unmapped_faults_all_arms	PASS	
uaccess.copy_in_unmapped_faults_all_arms	PASS	
uaccess.copy_fixup_entries_present	PASS	
fault.decode_kernel_data_translation_l2	PASS	
fault.decode_kernel_data_permission_write	PASS	
fault.decode_user_data_translation	PASS	
fault.decode_user_instruction_fetch	PASS	
fault.decode_access_flag	PASS	
halls.fp_sane_accepts_valid	PASS	
halls.fp_sane_rejects_misaligned	PASS	
halls.fp_sane_rejects_non_increasing	PASS	
halls.fp_sane_rejects_out_of_range	PASS	
halls.link_addr_removes_slide	PASS	
halls.link_addr_underflow_guarded	PASS	
halls.frame_enter_leave_nesting	PASS	
halls.frame_is_live_gate	PASS	
halls.symbolize_table	PASS	
cow.set_sole_never_inherits	PASS	
cow.get_put_reports_last_holder	PASS	
cow.break_decide_is_sole	PASS	
burrow.lazy_free_is_conditional_on_share	PASS	
cow.burrow_clone_shares_resident_pages	PASS	
cow.addrspace_clone_shares_and_writeprotects	PASS	
cow.addrspace_clone_refuses_and_leaves_parent_intact	PASS	
cow.clone_shares_readonly_eager_anon	PASS	
cow.break_read_then_write_copies	PASS	
cow.break_sole_holder_takes_in_place	PASS	
cow.break_copy_pins_the_original_until_replaced	PASS	
cow.read_queued_behind_break_is_handled	PASS	
cow.break_copy_releases_the_share_on_a_failed_replace	PASS	
cow.break_copy_last_share_frees_after_the_replace	PASS	
addrspace.alloc_shape	PASS	
addrspace.refcount	PASS	
addrspace.kproc_has_none	PASS	
addrspace.charge_helpers_refuse_without_as	PASS	
addrspace.share_drains_at_last_ref	PASS	
addrspace.proc_alloc_in_shares	PASS	
proc.rfork_rfmem_refuses_without_addrspace	PASS	
fork.frame_init	PASS	
fork.rfork_arg_rejection	PASS	
fork.table_copy	PASS	
fork.vfork_release	PASS	
vma.alloc_free_smoke	PASS	
vma.alloc_constraints	PASS	
vma.insert_lookup_smoke	PASS	
vma.insert_overlap_rejected	PASS	
vma.insert_sorted_invariant	PASS	
vma.drain_releases_all	PASS	
vma.find_gap_smoke	PASS	
vma.find_gap_no_fit	PASS	
vma.find_gap_constraints	PASS	
vma.find_gap_straddle	PASS	
sys_burrow.attach_returns_window_va	PASS	
sys_burrow.attach_detach_round_trip	PASS	
sys_burrow.attach_distinct	PASS	
sys_burrow.attach_rounds_up	PASS	
sys_burrow.attach_rejects_bad_length	PASS	
sys_burrow.detach_rejects	PASS	
sys_burrow.detach_window_confined	PASS	
sys_burrow.detach_dma_map_by_identity	PASS	
sys_burrow.detach_mmio_map_by_identity	PASS	
sys_burrow.attach_lazy_window_va	PASS	
sys_burrow.attach_lazy_large	PASS	
sys_burrow.lazy_len_from_args	PASS	
protect.reserve_mints_exactly	PASS	
protect.reserve_refusals	PASS	
protect.raise_and_write_keeps_contents	PASS	
protect.x_refused_before_lookup	PASS	
protect.ceiling_bounds_raise	PASS	
protect.seal_lowers_ceiling	PASS	
protect.split_three_way_then_merge	PASS	
protect.grow_ladder_stays_two_vmas	PASS	
protect.refusals_change_nothing	PASS	
protect.multi_vma_and_hole	PASS	
protect.pte_uninstalled_then_reinstalled_at_prot	PASS	
protect.cow_split_then_break	PASS	
cow.clone_dedupes_split_pieces	PASS	
cow.clone_refuses_eager_anon_with_writable_ceiling	PASS	
sys_burrow.detach_piece_frees_only_its_pages	PASS	
protect.range_walk_is_linear	PASS	
protect.uninstall_range_skips_absent_subtrees	PASS	
protect.noop_protect_needs_no_headroom	PASS	
sys_mmap.fixed_anon_w_alone_maps_rw	PASS	
protect.file_pagein_racing_protect_bails_single	PASS	
protect.file_pagein_racing_protect_bails_cluster	PASS	
burrow.map_fixed_split_left	PASS	
burrow.map_fixed_split_right	PASS	
burrow.map_fixed_split_three_way	PASS	
burrow.map_fixed_exact_cover	PASS	
burrow.map_fixed_carries_offset	PASS	
burrow.map_fixed_refusals	PASS	
burrow.map_fixed_successive	PASS	
burrow.map_fixed_into_free_space	PASS	
burrow.munmap_range_tiled	PASS	
burrow.munmap_range_partial_trims	PASS	
burrow.munmap_range_empty_ok	PASS	
burrow.detach_file_frees_outside_lock	PASS	
burrow.munmap_range_file_frees_outside_lock	PASS	
burrow.map_fixed_replace_file_frees_outside_lock	PASS	
burrow.map_fixed_refuses_code_alias	PASS	
detach.range_trims_left_right_middle	PASS	
detach.range_across_burrows_and_holes	PASS	
detach.range_refusals_change_nothing	PASS	
detach.eager_pages_go_with_the_last_piece	PASS	
detach.lazy_over_256mib_detaches	PASS	
detach.four_gib_reservation_round_trips	PASS	
capacity.window_sized_reservation_releases_in_bounded_steps	PASS	
capacity.replace_window_releases_orphans	PASS	
capacity.pagemap_nodes_charged_and_reclaimed	PASS	
capacity.default_is_ram_minus_reserve	PASS	
capacity.pool_refuses_users_keeps_tcb	PASS	
capacity.death_returns_charges_to_pool	PASS	
capacity.fork_clone_charges_pages_and_nodes	PASS	
capacity.page_tables_charged_and_reclaimed	PASS	
capacity.memory_bomb_leaves_the_reserve	PASS	
capacity.fork_costs_the_pool_only_its_nodes	PASS	
vma.range_is_mapped	PASS	
demand_page.eager_copy_charge_pairing	PASS	
torpor.wait_rejects_bad_args	PASS	
torpor.wait_rejects_unmapped_va	PASS	
torpor.wake_rejects_bad_args	PASS	
torpor.wake_empty_bucket_returns_zero	PASS	
torpor.wait_value_mismatch_fast_path	PASS	
torpor.wait_timeout_zero_returns_etimedout	PASS	
torpor.wait_wake_handoff	PASS	
torpor.wake_two_waiters_count_bound	PASS	
loom.create_geometry	PASS	
loom.private_owner_lifecycle	PASS	
loom.create_rejects_bad_args	PASS	
loom.refcount_lifecycle	PASS	
loom.setup_via_proc	PASS	
loom.setup_rejects	PASS	
loom.register_handles	PASS	
loom.register_rejects	PASS	
loom.register_replaces	PASS	
loom.register_buffers	PASS	
loom.register_buffers_rejects	PASS	
loom.register_buffers_replace	PASS	
loom.ring_charge_balance	PASS	
loom.regbuf_charge_balance	PASS	
loom.regbuf_foreign_charge_not_refunded	PASS	
loom.post_cqe_back_pressure	PASS	
loom.post_cqe_ignores_hostile_header	PASS	
loom.dup_rejected	PASS	
loom.enter_nop	PASS	
loom.enter_submit_rejects	PASS	
loom.enter_flags_and_bad_index	PASS	
loom.enter_cq_admission_backpressure	PASS	
loom.admission_counts_admitting	PASS	
loom.wait_counts_admitting	PASS	
loom.drain_waits_for_admitting	PASS	
loom.cq_waiter_wake	PASS	
loom.poll	PASS	
loom.cq_waiter_no_spurious_wake_on_full	PASS	
loom.enter_inline_min_complete	PASS	
loom.enter_min_complete_no_inflight	PASS	
loom.sqpoll_setup_and_teardown	PASS	
loom.sqpoll_drains_sq	PASS	
loom.sqpoll_parks_on_cq_full	PASS	
loom.sqpoll_charges_thread_budget	PASS	
thread.create_user_ctx_layout	PASS	
thread.exit_self_marks_exiting	PASS	
thread.exit_self_last_thread_zombies	PASS	
proc.multi_thread_reap	PASS	
proc.wait_pid_concurrent_waiters_both_reap	PASS	
notes.queue_alloc_free_smoke	PASS	
notes.post_dequeue_smoke	PASS	
notes.post_ordering	PASS	
notes.linux_sigign_discard	PASS	
notes.unknown_name_rejected	PASS	
notes.snare_forge_rejected	PASS	
notes.queue_full_returns_minus1	PASS	
notes.coalesce_synthetic	PASS	
notes.mask_defers	PASS	
notes.kill_dequeue_smoke	PASS	
notes.kill_bypasses_mask	PASS	
notes.reenqueue_head_smoke	PASS	
notes.fd_read_skips_kill	PASS	
notes.fd_peek_skips_kill	PASS	
notes.post_child_exit_helper	PASS	
notes.post_pipe_helper	PASS	
notes.proc_lifecycle	PASS	
notes.peek_does_not_pop	PASS	
notes.interrupt_terminate_gate	PASS	
notes.default_action_table	PASS	
notes.ndflt_dispatch	PASS	
notes.kill_terminates_single_thread	PASS	
notes.self_kill_through_full_ring	PASS	
notes.ndflt_stop_discarded_after_cont	PASS	
notes.susp_gate_reads_phenotype_sigtab	PASS	
notes.masked_susp_stops_at_delivery	PASS	
notes.stop_dequeue_picks_its_own_note	PASS	
notes.class_scans_read_phenotype_sigtab	PASS	
notes.discard_name_purges_pending	PASS	
notes.phenotype_sigreturn_restores_mask	PASS	
notes.self_managing_flag	PASS	
notes.intr_latch_lifecycle	PASS	
notes.die_pending_predicate	PASS	
notes.pipe_die_pending	PASS	
notes.caught_note_latch_lifecycle	PASS	
notes.caught_note_deliverable_predicate	PASS	
notes.caught_note_claim_once	PASS	
notes.handler_escape_predicate	PASS	
notes.caught_note_stop_dequeue_drains	PASS	
notes.fstat_reports_chr	PASS	
directmap.kva_round_trip	PASS	
directmap.alloc_through_directmap	PASS	
directmap.vmalloc_mmio_smoke	PASS	
directmap.pagemapped_808	PASS	
elf.parse_minimal_ok	PASS	
elf.parse_multi_segment_ok	PASS	
elf.header_rejection	PASS	
elf.rwx_rejected	PASS	
elf.bounds_rejection	PASS	
elf.policy_rejection	PASS	
elf.brand_hint	PASS	
elf.read_interp	PASS	
elf.pie_load_bias	PASS	
dev.boot_registration_smoke	PASS	
dev.lookup_unknown	PASS	
dev.devnone_ops_smoke	PASS	
dev.vtable_slot_coverage	PASS	
spoor.alloc_unref_round_trip	PASS	
spoor.ref_lifecycle	PASS	
spoor.clone_lifecycle	PASS	
spoor.clone_copies_state	PASS	
spoor.clunk_dispatches_close	PASS	
spoor.alloc_10k_no_leak	PASS	
trivial_devs.bestiary_smoke	PASS	
null.attach_open_close	PASS	
null.read_returns_eof	PASS	
null.write_consumes	PASS	
zero.read_fills_zeroes	PASS	
zero.write_consumes	PASS	
full.attach_open_close	PASS	
full.read_fills_zeroes	PASS	
full.write_returns_minus1	PASS	
random.rndr_available	PASS	
random.read_produces_nonzero	PASS	
random.read_varies	PASS	
cons.write_advances	PASS	
trivial_devs.devnull_10k_no_leak	PASS	
devproc.bestiary_smoke	PASS	
devproc.attach_returns_dir	PASS	
devproc.walk_root_to_kproc_dir	PASS	
devproc.walk_unknown_pid_misses	PASS	
devproc.walk_to_status_file	PASS	
devproc.walk_dotdot_to_root	PASS	
devproc.read_status_format	PASS	
devproc.imperium_read_gated	PASS	
devproc.read_imperium_format	PASS	
proc.cpu_ns_accounting	PASS	
scheduler.prowl_counters	PASS	
devproc.read_cmdline_kproc	PASS	
devproc.read_ns_format	PASS	
devproc.read_exe	PASS	
devproc.read_cwd	PASS	
devproc.maps	PASS	
devproc.environ	PASS	
devproc.read_ctl_returns_zero	PASS	
devproc.write_ctl_rejects	PASS	
devproc.read_dir_returns_neg1	PASS	
devproc.read_partial_offset	PASS	
devproc.kill_authorized_predicate	PASS	
devproc.sched_gate_predicate	PASS	
devproc.sched_read_gated	PASS	
devproc.read_sched_format	PASS	
devproc.park_state_settled	PASS	
devproc.stat_native_ctl_owner	PASS	
devproc.write_ctl_kill_dispatch	PASS	
devproc.ctl_suspend_resume_dispatch	PASS	
devproc.debug_authorized_predicate	PASS	
devproc.debug_cap_cover_predicate	PASS	
devproc.debug_cap_cover_attach	PASS	
devproc.dump_seal_predicate	PASS	
devproc.dump_seal_disclosure	PASS	
devproc.image_cover_join	PASS	
devproc.image_seal_join	PASS	
proc.seal_stamps_the_image	PASS	
proc.elevation_ignores_a_zombie_sharer	PASS	
proc.debug_taint_refuses_elevation	PASS	
proc.debug_taint_crosses_fork	PASS	
devproc.dump_seal_scope	PASS	
devproc.debug_attach_detach_lifecycle	PASS	
devproc.debug_exitkill_terminates_on_close	PASS	
devproc.debug_birth_hold_ctl	PASS	
devproc.debug_stop_start_resume	PASS	
devproc.debug_mem	PASS	
devproc.debug_regs	PASS	
devproc.debug_kregs_kstack_wait	PASS	
devproc.debug_kstack_settled	PASS	
devproc.debug_step_cancel_on_stop	PASS	
hwdebug.dfr0_enumerate	PASS	
hwdebug.arm_disarm_roundtrip	PASS	
hwdebug.bp_table	PASS	
hwdebug.singlestep_benign	PASS	
hwdebug.wp_table	PASS	
hwdebug.wp_encode	PASS	
cons.blocking_read_wakeup	PASS	
cons.tx_role_serializes_writers	PASS	
cons.kernel_writer_bracket	PASS	
cons.tx_room_wait_and_deadline	PASS	
cons.tx_unit_diag_line_atomic	PASS	
cons.tx_unit_echo_atomic	PASS	
cons.tx_unit_smp_no_tear	PASS	
cons.ring_claim_core_returns_holding	PASS	
cons.ring_claim_core_bounded_when_held	PASS	
cons.ring_unclaimed_on_clean_boot	PASS	
cons.ring_fill_drain	PASS	
cons.ring_full_refuses	PASS	
cons.rx_can_accept_boundary	PASS	
cons.full_line_fits_ring	PASS	
cons.full_ring_never_blocks_sak	PASS	
cons.feed_write_short_on_full	PASS	
cons.refused_byte_is_not_echoed	PASS	
cons.serial_silent_gate	PASS	
cons.serial_silent_sak_restores	PASS	
cons.rx_holdback_reoffer	PASS	
cons.rx_holdback_not_stranded	PASS	
cons.rx_drop_counters	PASS	
cons.ctrlc_consumed	PASS	
cons.break_sets_sak	PASS	
cons.read_busy_guard	PASS	
cons.read_bad_args	PASS	
cons.console_owner_intr	PASS	
proc.revoke_console_attached	PASS	
cons.sak_revoke_regrant	PASS	
cons.sak_failsafe_revoke_only	PASS	
cons.sak_idempotent_flood	PASS	
cons.sak_via_console_mgr	PASS	
cons.sak_does_not_terminate_trusted	PASS	
cons.sak_attaches_from_relinquished_state	PASS	
cons.episode_requires_arm	PASS	
cons.episode_begins_on_sak	PASS	
cons.episode_discards_pending_input	PASS	
cons.episode_freezes_nonattached_reader	PASS	
cons.episode_freezes_nonattached_writer	PASS	
cons.episode_freezes_feed_consctl_poll	PASS	
cons.episode_frozen_poller_follows_end	PASS	
cons.episode_prior_poller_not_woken_by_keys	PASS	
cons.episode_end_restores	PASS	
cons.episode_repeat_sak_idempotent	PASS	
cons.graphical_seat_gate	PASS	
cons.graphical_seat_grant_and_failure	PASS	
cons.graphical_seat_deadline_and_death	PASS	
cons.graphical_seat_service_death	PASS	
cons.episode_gate	PASS	
cons.episode_relinquish_ends	PASS	
cons.episode_trusted_death_ends	PASS	
cons.episode_saved_owner_death	PASS	
cons.episode_mode_write_straddling_begin	PASS	
cons.episode_feed_straddling_begin	PASS	
cons.episode_repeat_sak_keeps_saved_owner	PASS	
cons.episode_fixture_fails_clean	PASS	
proc.console_relinquish	PASS	
proc.console_relinquish_other	PASS	
cons.console_open	PASS	
uart.rx_path_enabled	PASS	
uart.putc_tx_bounded	PASS	
cons.poll_readiness	PASS	
cons.poll_deferred_wake	PASS	
cons.mgr_hold_defers_consumption	PASS	
cons.termios_default	PASS	
cons.cook_canonical_line	PASS	
cons.cook_echo_off_no_output	PASS	
cons.cook_isig_toggle	PASS	
cons.cook_icrnl	PASS	
cons.cook_onlcr_output	PASS	
cons.consctl_parse	PASS	
cons.consctl_render	PASS	
cons.winsize_roundtrip	PASS	
cons.beacon_roundtrip	PASS	
cons.winsize_winch_iff_changed	PASS	
cons.stat_native_qid_contract	PASS	
cons.cook_line_overflow	PASS	
cons.cook_mode_flip_delivers	PASS	
cons.cook_isig_discards_pending_line	PASS	
cons.cook_canonical_poll_edge	PASS	
cons.drain_tap_mirrors_output	PASS	
cons.sys_puts_uses_shared_console_path	PASS	
vivarium.t1_renumbers	PASS	
vivarium.rejects_are_deliberate	PASS	
vivarium.unknown_forwards	PASS	
vivarium.git_chunk_rows	PASS	
vivarium.faccessat_gate	PASS	
vivarium.fails_closed	PASS	
vivarium.no_wide_alias	PASS	
vivarium.openat_domain	PASS	
vivarium.openat_at_fdcwd	PASS	
vivarium.openat_build	PASS	
vivarium.stat_to_linux	PASS	
vivarium.fstatat_domain	PASS	
vivarium.mmap_domain	PASS	
vivarium.mmap_file_domain	PASS	
vivarium.mmap_fixed_domain	PASS	
vivarium.mprotect_domain	PASS	
vivarium.madvise_domain	PASS	
vivarium.mmap_arms_disjoint	PASS	
vivarium.clone_domain	PASS	
vivarium.futex_decide	PASS	
vivarium.wait4_domain	PASS	
vivarium.startup_batch_rows	PASS	
vivarium.writev_domain	PASS	
vivarium.fcntl_domain	PASS	
vivarium.fcntl_dupfd_errnos	PASS	
vivarium.fcntl_nonblock_roundtrip	PASS	
vivarium.ioctl_decide	PASS	
vivarium.dup_arm	PASS	
vivarium.exec_drops_cloexec_sockets	PASS	
vivarium.exec_sweep_prevents_fd_reuse_misroute	PASS	
vivarium.sigtab_fork_exec_rule	PASS	
vivarium.dup3_domain	PASS	
vivarium.pipe2_domain	PASS	
vivarium.uname_fill	PASS	
vivarium.identity_map	PASS	
vivarium.signal_map	PASS	
vivarium.sigaction_domain	PASS	
vivarium.sigset_to_notemask	PASS	
vivarium.handler_mask	PASS	
vivarium.signal_exclusivity	PASS	
vivarium.signote_deliverable	PASS	
vivarium.sigtab	PASS	
vivarium.notemask_to_sigset	PASS	
vivarium.signote_reverse	PASS	
vivarium.sigframe	PASS	
vivarium.socket_domain	PASS	
vivarium.getsockopt_domain	PASS	
vivarium.getsockopt_shell_guards_uaccess	PASS	
vivarium.sendrecv_domain	PASS	
vivarium.openat_create_domain	PASS	
vivarium.mkdirat_domain	PASS	
vivarium.unlinkat_domain	PASS	
vivarium.renameat_domain	PASS	
vivarium.dirent64_encode	PASS	
vivarium.getdents64_guards_uaccess	PASS	
vivarium.readv_writev_guard_iovec_array	PASS	
vivarium.intr_class	PASS	
vivarium.fd_is_slow_cached	PASS	
vivarium.ioctl_termios_map	PASS	
vivarium.ioctl_grammar_roundtrip	PASS	
vivarium.ioctl_dispatch_ebadf	PASS	
vivarium.session_errno_remap	PASS	
vivarium.ioctl_cons_identity_and_gate	PASS	
vivarium.phenotype_decide	PASS	
vivarium.sockaddr	PASS	
vivarium.net_cmd	PASS	
vivarium.conn_n	PASS	
vivarium.socktab	PASS	
vivarium.socktab_close_hook	PASS	
vivarium.socktab_bind_fields	PASS	
vivarium.socktab_keyed_write_identity	PASS	
vivarium.socktab_connecting	PASS	
vivsock.accept_wait_is_over	PASS	
vivsock.connect_tcp_holds_the_dial	PASS	
vivsock.connect_udp_never_waits	PASS	
vivsock.connect_eintr_then_retry	PASS	
vivsock.connect_connecting_resumes	PASS	
vivsock.connect_failure_verdicts	PASS	
vivsock.send_recv_finish_connect	PASS	
vivsock.read_write_finish_connect	PASS	
vivsock.so_error_reports_the_dial	PASS	
vivsock.positioned_io_finishes_connect	PASS	
vivsock.so_error_needs_no_descriptor	PASS	
vivarium.socktab_reset	PASS	
vivarium.socktab_clone_into	PASS	
vivarium.socktab_alias	PASS	
vivarium.socktab_ready_cache	PASS	
vivarium.socktab_ready_release_paths	PASS	
vivarium.dup3_alias	PASS	
vivarium.socktab_arm_refusals	PASS	
vivarium.listen_decide	PASS	
vivarium.timespec_to_ms	PASS	
vivarium.ppoll_decide	PASS	
vivarium.pselect6_decide	PASS	
vivarium.fdset_bytes	PASS	
vivarium.fdset_to_pollfds	PASS	
vivarium.pollfds_to_fdset	PASS	
vivarium.fd_freeing_rows	PASS	
vivarium.announce_cmd	PASS	
vivarium.parse_ipport	PASS	
vivarium.sockaddr_build	PASS	
vivarium.sockaddr_parse_any	PASS	
cons.drain_feed_runs_discipline	PASS	
cons.drain_overflow_drops_oldest	PASS	
cons.drain_close_and_reopen_epoch	PASS	
cons.drain_poll_deferred_wake	PASS	
devctl.bestiary_smoke	PASS	
devctl.attach_returns_dir	PASS	
devctl.walk_to_each_leaf	PASS	
devctl.walk_unknown_misses	PASS	
devctl.read_procs_format	PASS	
devctl.procs_tables_column	PASS	
devctl.cpu_sources_live	PASS	
devctl.read_memory_format	PASS	
devctl.read_devices_format	PASS	
devctl.read_kernel_base_format	PASS	
devctl.kernel_base_gated	PASS	
devctl.kstack_gated	PASS	
devctl.read_sched_format	PASS	
devctl.read_cons_format	PASS	
devctl.read_cpu_format	PASS	
devctl.write_rejected	PASS	
devctl.read_dir_returns_neg1	PASS	
devctl.stat_native_shapes	PASS	
devctl.read_9p_sessions_format	PASS	
devdev.bestiary_smoke	PASS	
devdev.attach_returns_dir	PASS	
devdev.walk_to_each_leaf	PASS	
devdev.walk_unknown_misses	PASS	
devdev.walk_pts_dir	PASS	
devdev.trivial_leaves	PASS	
devdev.stat_native_leaves	PASS	
devdev.cons_gate	PASS	
devdev.renderer_gate	PASS	
devdev.drain_opath_clone_no_disarm	PASS	
devdev.drain_walk_off_opened_dev_no_disarm	PASS	
devdev.spawn_unbump_runs_close	PASS	
devdev.consctl_renderer_mint	PASS	
devdev.winsize_leaf	PASS	
devdev.fd_devclass	PASS	
devdev.beacon_leaf	PASS	
devhw.bestiary_smoke	PASS	
devhw.attach_returns_root	PASS	
devhw.walk_node_and_prop	PASS	
devhw.walk_deep_and_dotdot	PASS	
devhw.walk_miss	PASS	
devhw.walk_reuse_nc	PASS	
devhw.prop_read	PASS	
devhw.stat_native	PASS	
devhw.readdir_cookie_contract	PASS	
devhw.iter_api	PASS	
devhw.synth_pci_child	PASS	
devpci.bestiary_smoke	PASS	
devpci.attach_root	PASS	
devpci.walk_read_ctl	PASS	
devpci.readonly	PASS	
devpci.readdir	PASS	
devpci.walk_reuse_nc	PASS	
env.set_get	PASS	
env.create_idempotent	PASS	
env.overwrite_truncate	PASS	
env.unset_monotonic	PASS	
env.iter_order	PASS	
env.bounds	PASS	
env.render_environ	PASS	
env.render_environ_eq_in_name	PASS	
env.clone_deep_independent	PASS	
env.free_null_tolerant	PASS	
devenv.bestiary	PASS	
devenv.walk_reuse_nc	PASS	
devenv.walk_read	PASS	
devenv.stat_native_shapes	PASS	
allowance.null_is_broad	PASS	
allowance.mmio_containment	PASS	
allowance.irq_membership	PASS	
allowance.dma_cap	PASS	
allowance.revoked_permits_nothing	PASS	
allowance.confer_rejects_overcap	PASS	
allowance.handle_alloc_broad	PASS	
allowance.handle_alloc_revoked_aborts	PASS	
allowance.clone_inherit	PASS	
allowance.free_null_tolerant	PASS	
allowance.pci_membership	PASS	
allowance.pci_claim_handler_gate	PASS	
allowance.confer_within_parent	PASS	
allowance.revoke_on_group_terminate	PASS	
allowance.narrowed_proc_cannot_spawn	PASS	
cpio.is_valid_recognizes_magic	PASS	
cpio.iter_empty_archive	PASS	
cpio.iter_single_entry	PASS	
cpio.iter_two_entries	PASS	
cpio.iter_rejects_truncated	PASS	
cpio.iter_rejects_bad_magic	PASS	
cpio.count_matches	PASS	
devramfs.bestiary_smoke	PASS	
devramfs.initialized_with_files	PASS	
devramfs.attach_returns_dir	PASS	
devramfs.walk_to_welcome	PASS	
devramfs.walk_unknown_misses	PASS	
devramfs.read_welcome	PASS	
devramfs.read_version	PASS	
devramfs.read_partial_offset	PASS	
devramfs.read_dir_returns_neg1	PASS	
devramfs.stat_native_system_owned	PASS	
spoor.stat_native_stamps_devno	PASS	
devramfs.write_rejected	PASS	
devramfs.readdir_enumerates_root	PASS	
devramfs.readdir_file_returns_neg1	PASS	
devramfs.readdir_buffer_too_small_errs	PASS	
devramfs.readdir_synth_dir_empty	PASS	
devramfs.walk_attrs	PASS	
devramfs.readdir_paginates_no_dup_no_skip	PASS	
devramfs.tree_walk_and_dotdot	PASS	
devramfs.tree_readdir_per_directory	PASS	
devramfs.tree_stat_read_lookup	PASS	
devramfs.tree_load_refusals	PASS	
devramfs.tree_truncates_at_cap	PASS	
devramfs.load_complete	PASS	
devramfs.live_lib_when_prover_ships	PASS	
devramfs.live_bin_holds_the_programs	PASS	
devsrv.registered	PASS	
devsrv.open_root_dir	PASS	
devsrv.stat_native_root	PASS	
devsrv.post_gate	PASS	
devsrv.cap_post_bounds	PASS	
devsrv.accept_lifetime	PASS	
devsrv.post_basic	PASS	
devsrv.tombstone	PASS	
devsrv.registry_full	PASS	
devsrv.registry_full_tombstone_rebinds	PASS	
devsrv.post_rollback	PASS	
devsrv.registry_lifecycle	PASS	
devsrv.svc_ref_holds_registry	PASS	
devsrv.post_listener	PASS	
devsrv.service_keys_distinct	PASS	
devcap.registered	PASS	
devcap.walk_grant_use	PASS	
devcap.walk_unknown	PASS	
devcap.open_writeonly	PASS	
devcap.grant_gate_no_cap	PASS	
devcap.grant_gate_bad_args	PASS	
devcap.grant_replace	PASS	
devcap.grant_table_full	PASS	
devcap.use_gate_no_console	PASS	
devcap.use_no_pending	PASS	
devcap.use_basic	PASS	
devcap.taint_refuses_hostowner_redeem	PASS	
devcap.use_one_shot	PASS	
devcap.use_mismatched_cap	PASS	
devcap.exit_clears_grant	PASS	
devcap.clearance_grant_gate_no_cap	PASS	
devcap.clearance_grant_bad_args	PASS	
devcap.clearance_redeem_basic	PASS	
devcap.imperium_grant_gate_and_bounds	PASS	
devcap.imperium_redeem_propagating	PASS	
devcap.imperium_nest_refused	PASS	
devcap.further_redeem_keeps_scope	PASS	
devcap.clearance_self_restriction	PASS	
devcap.clearance_redeem_beyond_grant	PASS	
devcap.clearance_one_shot	PASS	
devcap.clearance_cross_stripes	PASS	
devcap.clearance_valid_until	PASS	
devcap.clearance_kind_isolation	PASS	
srvconn.create_destroy	PASS	
srvconn.roundtrip	PASS	
srvconn.nonblocking_backpressure	PASS	
srvconn.ring_capacity	PASS	
srvconn.recv_blocks_then_wakes	PASS	
srvconn.server_send_blocks_then_drain_wakes	PASS	
srvconn.bulk_ring_class	PASS	
srvconn.ctl_counters	PASS	
srvconn.role_park_second_writer	PASS	
srvconn.role_park_second_reader	PASS	
srvconn.client_send_blocking_backpressure	PASS	
srvconn.client_send_blocking_poll_edge	PASS	
srvconn.recv_deadline_timeout	PASS	
srvconn.teardown_eofs	PASS	
srvconn.teardown_wakes_blocked	PASS	
devsrv.walk_service	PASS	
devsrv.open_connect_byte	PASS	
devsrv.srv_connect_gate_decides	PASS	
devsrv.srv_connect_gate	PASS	
devsrv.kernel_attached_io_refused	PASS	
devsrv.kernel_attached_server_close_eofs	PASS	
devsrv.accept_immediate	PASS	
devsrv.accept_blocks_then_wakes	PASS	
devsrv.conn_io	PASS	
devsrv.conn_release	PASS	
devsrv.poster_exit_drains_backlog	PASS	
devsrv.srv_peer_identity	PASS	
devsrv.srv_peer_dead_peer	PASS	
devsrv.srv_peer_renderer_flag	PASS	
devsrv.srv_peer_gate	PASS	
devsrv.srv_peer_bad_args	PASS	
devsrv.seat_import_gates	PASS	
srv_client.no_per_proc_cap	PASS	
srv_client.byte_mode_propagates_to_conn	PASS	
srv_client.byte_mode_conn_dispatch	PASS	
srv_client.byte_mode_mode_change_rebind_refused	PASS	
srv_client.byte_mode_server_recv_blocking_eof	PASS	
srv_client.cape_post	PASS	
srv_client.cape_admission	PASS	
srv_client.cape_post_syscall	PASS	
srv_client.remote_admission	PASS	
srv_client.remote_post	PASS	
srv_client.remote_recycle	PASS	
srv_client.remote_post_syscall	PASS	
virtio.mmio_probe	PASS	
virtio.magic_value	PASS	
virtio.version_modern	PASS	
virtio.rng_present	PASS	
virtio.negotiate_features_smoke	PASS	
virtio.virtqueue_alloc_destroy	PASS	
virtio.find_by_device_id	PASS	
virtio.reset_in_range_no_match	PASS	
virtio.vq_size_for	PASS	
virtio.proc_death_quiesces_device	PASS	
virtio.proc_death_quiesces_vma_only_device	PASS	
irqfwd.create_destroy	PASS	
irqfwd.refcount_lifecycle	PASS	
irqfwd.wait_wakes_on_sgi	PASS	
irqfwd.collapses_concurrent_fires	PASS	
irqfwd.second_waiter_refused	PASS	
irqfwd.detached_dispatch	PASS	
irqfwd.level_mask_ack	PASS	
irqfwd.wait_timeout	PASS	
virtio_pci.init_called	PASS	
virtio_pci.count_within_bound	PASS	
virtio_pci.devices_have_vendor	PASS	
virtio_pci.devices_have_cfg	PASS	
virtio_pci.find_rng	PASS	
virtio_pci.find_unknown_returns_null	PASS	
virtio_pci.cfg_read_bounds	PASS	
virtio_pci.cfg_write_bounds	PASS	
pci.bar_decode_size	PASS	
pci.walk_caps_hostile	PASS	
pci.mapping_holds_function	PASS	
pci.msix_failures	PASS	
pci.msix_rng	PASS	
pci.restart_placement	PASS	
pci.msi_allocator	PASS	
pci.intx_recovery	PASS	
pci.intx_close_dispatch	PASS	
pci.shared_irq_tickets	PASS	
pci.msix_windows	PASS	
pci.walk_caps_shm	PASS	
pci.claim_rng	PASS	
pci.claim_unknown	PASS	
pci.claim_exclusive	PASS	
pci.unref_releases_bars	PASS	
pci.live_count_balances	PASS	
pci.syscall_reject	PASS	
pci.syscall_claim_info	PASS	
pci.claim_nth	PASS	
userspace.first_iteration	PASS	
userspace.second_iteration	PASS	
userspace.ramfs_hello	PASS	
userspace.ramfs_hello_rs	PASS	
userspace.mmio_probe_rfork_with_caps	PASS	
userspace.irq_probe_rfork_with_caps	PASS	
userspace.virtio_blk_probe_rfork_with_caps	PASS	
userspace.virtio_blk_rw_rfork_with_caps	PASS	
userspace.virtio_net_probe_rfork_with_caps	PASS	
userspace.virtio_net_arp_rfork_with_caps	PASS	
userspace.virtio_net_loop_rfork_with_caps	PASS	
userspace.virtio_input_probe_rfork_with_caps	PASS	
userspace.virtio_gpu_probe_rfork_with_caps	PASS	
userspace.driver_crash_recovery	PASS	
9p_wire.primitives_round_trip	PASS	
9p_wire.primitives_overflow	PASS	
9p_wire.str_round_trip	PASS	
9p_wire.pack_str_overflow	PASS	
9p_wire.qid_round_trip	PASS	
9p_wire.header_peek	PASS	
9p_wire.tversion_round_trip	PASS	
9p_wire.tattach_round_trip	PASS	
9p_wire.twalk_round_trip	PASS	
9p_wire.twalk_zero_names_clone	PASS	
9p_wire.tclunk_round_trip	PASS	
9p_wire.tflush_round_trip	PASS	
9p_wire.tweft_round_trip	PASS	
9p_wire.tweftio_round_trip	PASS	
9p_wire.twalkgetattr_round_trip	PASS	
9p_wire.rlerror_parse	PASS	
9p_wire.rmsg_size_mismatch_rejected	PASS	
9p_wire.rmsg_wrong_type_rejected	PASS	
9p_wire.rwalk_count_cap_enforced	PASS	
9p_wire.tlopen_round_trip	PASS	
9p_wire.tlcreate_round_trip	PASS	
9p_wire.tread_round_trip	PASS	
9p_wire.twrite_round_trip	PASS	
9p_wire.rread_data_cap_enforced	PASS	
9p_wire.rread_size_mismatch_rejected	PASS	
9p_wire.rlopen_vs_rlcreate_type_strict	PASS	
9p_wire.tgetattr_round_trip	PASS	
9p_wire.tsetattr_round_trip	PASS	
9p_wire.treaddir_round_trip	PASS	
9p_wire.dirent_unpack	PASS	
9p_wire.tstatfs_round_trip	PASS	
9p_wire.tfsync_round_trip	PASS	
9p_wire.rreaddir_data_cap_enforced	PASS	
9p_wire.tsymlink_round_trip	PASS	
9p_wire.tmknod_round_trip	PASS	
9p_wire.trename_round_trip	PASS	
9p_wire.treadlink_round_trip	PASS	
9p_wire.tlink_round_trip	PASS	
9p_wire.tmkdir_round_trip	PASS	
9p_wire.trenameat_round_trip	PASS	
9p_wire.tunlinkat_round_trip	PASS	
9p_session.init_destroy	PASS	
9p_session.version_handshake	PASS	
9p_session.attach_handshake	PASS	
9p_session.walk_round_trip	PASS	
9p_session.walk_fid_full_no_latch	PASS	
9p_session.clunk_retract_after_peer_fill	PASS	
9p_session.flushed_walk_late_reply_binds	PASS	
9p_session.flushed_reply_honoured_for_waiting_owner	PASS	
9p_session.flush_retract_restores_live_op	PASS	
9p_session.flush_owner_waits_keeps_fid_live	PASS	
9p_session.flush_names_no_fid	PASS	
9p_session.clunk_round_trip	PASS	
9p_session.clunk_send_time_unbinds	PASS	
9p_session.dispatch_rlerror	PASS	
9p_session.walk_to_root_refused	PASS	
9p_session.walk_to_bound_fid_refused	PASS	
9p_session.walk_from_unbound_fid_refused	PASS	
9p_session.clunk_root_refused	PASS	
9p_session.clunk_with_inflight_on_fid_refused	PASS	
9p_session.fid_after_clunk_refused	PASS	
9p_session.dispatch_wrong_tag_rejected	PASS	
9p_session.dispatch_wrong_type_rejected	PASS	
9p_session.close_with_inflight_refused	PASS	
9p_session.state_gate_send_walk_before_open	PASS	
9p_session.lopen_round_trip	PASS	
9p_session.lcreate_round_trip	PASS	
9p_session.read_round_trip	PASS	
9p_session.write_round_trip	PASS	
9p_session.lopen_with_inflight_on_fid_refused	PASS	
9p_session.read_permits_concurrent	PASS	
9p_session.io_from_unbound_fid_refused	PASS	
9p_session.io_before_open_refused	PASS	
9p_session.getattr_round_trip	PASS	
9p_session.setattr_round_trip	PASS	
9p_session.readdir_round_trip	PASS	
9p_session.statfs_round_trip	PASS	
9p_session.weft_round_trip	PASS	
9p_session.weftio_round_trip	PASS	
9p_session.fsync_round_trip	PASS	
9p_session.setattr_with_inflight_on_fid_refused	PASS	
9p_session.getattr_permits_concurrent	PASS	
9p_session.meta_from_unbound_fid_refused	PASS	
9p_session.symlink_round_trip	PASS	
9p_session.mknod_round_trip	PASS	
9p_session.rename_round_trip	PASS	
9p_session.readlink_round_trip	PASS	
9p_session.link_round_trip	PASS	
9p_session.mkdir_round_trip	PASS	
9p_session.renameat_round_trip	PASS	
9p_session.unlinkat_round_trip	PASS	
9p_session.rename_with_inflight_on_fid_refused	PASS	
9p_session.unlinkat_permits_concurrent	PASS	
9p_session.mutation_from_unbound_fid_refused	PASS	
9p_session.flush_reclaims_both	PASS	
9p_session.late_reply_does_not_free_awaiting_flush	PASS	
9p_session.abort_unsent_reclaims_tag	PASS	
9p_session.flush_rollback_restores_victim	PASS	
9p_transport.init_destroy	PASS	
9p_transport.round_trip	PASS	
9p_transport.send_frame_size_mismatch_rejected	PASS	
9p_transport.recv_frame_too_large_rejected	PASS	
9p_transport.partial_read_aggregation	PASS	
9p_transport.backend_error_transitions_to_error	PASS	
9p_transport.close_idempotent	PASS	
9p_transport.exchange_drives_session_handshake	PASS	
9p_transport.exchange_drives_session_walk	PASS	
9p_transport.deadline_idle_vs_eof	PASS	
9p_client.init_destroy	PASS	
9p_client.handshake	PASS	
9p_client.walk_and_clunk	PASS	
9p_client.walkgetattr	PASS	
9p_client.lopen_read	PASS	
9p_client.write	PASS	
9p_client.bulk_write_clamps_short	PASS	
9p_client.getattr	PASS	
9p_client.readdir	PASS	
9p_client.statfs	PASS	
9p_client.weft	PASS	
larder.install_serve	PASS	
larder.serve_miss	PASS	
larder.invalidate	PASS	
larder.gen_guard	PASS	
larder.root_qid_zero	PASS	
larder.overwrite_wins	PASS	
larder.eviction_bounded	PASS	
larder.dentry_serve	PASS	
larder.dentry_serve_miss	PASS	
larder.dentry_negative	PASS	
larder.dentry_multi_hop	PASS	
larder.dentry_partial_chain_bails	PASS	
larder.dentry_attr_miss_bails	PASS	
larder.dentry_invalidate_name	PASS	
larder.dentry_gen_guard	PASS	
larder.dentry_name_too_long	PASS	
larder.dentry_bounded	PASS	
larder.page_serve	PASS	
larder.page_serve_miss	PASS	
larder.page_offset	PASS	
larder.page_cvers_mismatch	PASS	
larder.page_partial	PASS	
larder.page_invalidate	PASS	
larder.page_invalidate_multifile	PASS	
larder.page_gen_guard	PASS	
larder.pages_snapshot_gen_witness	PASS	
larder.page_overwrite	PASS	
larder.page_bounded	PASS	
larder.page_destroy_frees	PASS	
larder.attr_downgrade_perm_only	PASS	
larder.downgrade_guards_raced_populate	PASS	
larder.gen_scope_qid	PASS	
9p_client.weftio	PASS	
9p_client.mkdir	PASS	
9p_client.unlinkat	PASS	
9p_client.readlink	PASS	
9p_client.rlerror_propagates_to_negative_errno	PASS	
9p_client.rlerror_hostile_ecode_bounded	PASS	
9p_client.op_before_handshake_returns_ebusy	PASS	
9p_client.lock_released_between_ops	PASS	
9p_client.async_op_posts_cqe	PASS	
9p_client.async_session_death_posts_error_cqe	PASS	
9p_client.async_peer_gone_posts_nodev_cqe	PASS	
9p_client.async_mark_devgone_posts_nodev_cqe	PASS	
9p_client.async_handoff_skips_async	PASS	
9p_client.handoff_skips_debug_stopped_owner	PASS	
9p_client.pump_deadline_idle	PASS	
9p_client.pump_deadline_data_ready_progresses	PASS	
9p_client.pump_deadline_chunked_frame_completes	PASS	
9p_client.pump_deadline_busy_when_reader_active	PASS	
9p_client.loom_fsync_e2e	PASS	
9p_client.loom_rights_deny	PASS	
9p_client.loom_quiesce_abandons_inflight	PASS	
9p_client.loom_multishot_stream	PASS	
9p_client.loom_multishot_backpressure	PASS	
9p_client.loom_link_cancel_cascade	PASS	
9p_client.loom_link_success_ordering	PASS	
9p_client.loom_drain_barrier	PASS	
9p_client.loom_independent_past_held	PASS	
9p_client.loom_drain_waits_for_rearm_pending	PASS	
9p_client.loom_read_e2e	PASS	
9p_client.loom_write_e2e	PASS	
9p_client.loom_weft_read_e2e	PASS	
9p_client.loom_weft_write_e2e	PASS	
9p_client.loom_weft_hybrid_fallback	PASS	
9p_client.loom_weft_oob_rejected	PASS	
9p_client.loom_rw_rejects	PASS	
9p_client.loom_readdir_e2e	PASS	
9p_client.loom_readlink_e2e	PASS	
9p_client.loom_getattr_e2e	PASS	
9p_client.loom_statfs_e2e	PASS	
9p_client.loom_metaread_rejects	PASS	
9p_client.loom_mkdir_e2e	PASS	
9p_client.loom_setattr_e2e	PASS	
9p_client.loom_renameat_e2e	PASS	
9p_client.loom_mutation_rejects	PASS	
9p_client.loom_dirmut_dac	PASS	
9p_client.loom_dirmut_sqpoll	PASS	
9p_client.loom_create_gid	PASS	
9p_client.loom_cape	PASS	
9p_client.loom_dirmut_names	PASS	
9p_client.async_clunk_burst_no_fid_leak	PASS	
9p_client.clunk_dying_keeps_fid_bound	PASS	
9p_client.clunk_killed_while_parked	PASS	
9p_client.clunk_killed_in_tag_drain	PASS	
9p_client.clunk_dying_waiter_sends_no_flush	PASS	
9p_client.flushed_walk_late_reply_to_sink	PASS	
9p_client.abandoned_walk_late_reply_kept	PASS	
9p_client.abandoned_async_clunk_not_flushed	PASS	
9p_client.clunk_rlerror_drains_as_clunk	PASS	
9p_client.clunk_malformed_reply_fails_closed	PASS	
9p_client.abandoned_walk_malformed_late_reply_fails_closed	PASS	
9p_client.flush_malformed_reply_fails_closed	PASS	
9p_client.note_flush_honours_late_read	PASS	
9p_client.note_flush_rflush_first_cancels	PASS	
9p_client.note_flush_death_abandons	PASS	
9p_client.note_flush_reader_honours_walk	PASS	
9p_client.note_flush_full_pool_own_reply	PASS	
9p_client.note_flush_pump_wakes_parked_flush	PASS	
9p_client.note_flush_reader_rflush_first	PASS	
9p_client.note_flush_reply_beats_unsent_flush	PASS	
9p_client.note_flush_handoff_skips_staging	PASS	
9p_client.handoff_skips_send_parked	PASS	
9p_client.note_flush_staging_waits_for_owed_tag	PASS	
9p_client.async_clunk_drain_waits_for_owed_tag	PASS	
9p_client.loom_multi_inflight_e2e	PASS	
9p_client.loom_multi_inflight_read_e2e	PASS	
9p_client.send_backpressure_self_pump	PASS	
9p_client.send_backpressure_multi_waiter	PASS	
9p_client.send_backpressure_spill_survives_outbuf_reuse	PASS	
9p_client.abandon_async_eagain_keeps_session_alive	PASS	
9p_client.async_send_eagain_keeps_session_alive	PASS	
9p_client.async_full_tag_pool_is_eagain	PASS	
dev9p.registered	PASS	
dev9p.attach_client_root_spoor	PASS	
dev9p.walk_one_component	PASS	
dev9p.walk_clone	PASS	
dev9p.open_lopens_fid	PASS	
dev9p.open_errno	PASS	
dev9p.stalk_open_errno	PASS	
dev9p.read_routes_through_client	PASS	
dev9p.write_routes_through_client	PASS	
dev9p.write_read_propagate_errno	PASS	
dev9p.close_clunks_owned_fid	PASS	
dev9p.close_does_not_clunk_root_fid	PASS	
dev9p.create_file	PASS	
dev9p.create_errno_propagates_eexist	PASS	
dev9p.create_invalidates_reused_child	PASS	
dev9p.create_invalidates_reused_child_pages	PASS	
dev9p.open_create_noent_then_create	PASS	
dev9p.open_create_exists_race_retries_open	PASS	
dev9p.open_create_excl_eexist_exact	PASS	
dev9p.create_downgrades_parent_attr	PASS	
dev9p.dirfid_consume_and_recycle	PASS	
dev9p.dirfid_perm_only_leaf_consume	PASS	
dev9p.dirfid_create_reuse_drop	PASS	
dev9p.dirfid_rmdir_drop_and_no_stale_repark	PASS	
dev9p.dirfid_suspect_not_reparked	PASS	
dev9p.create_invalidates_negative_dentry	PASS	
dev9p.create_dir	PASS	
dev9p.fsync	PASS	
dev9p.readdir	PASS	
dev9p.readdir_cookie_high_bit	PASS	
dev9p.poll_regular_file_always_ready	PASS	
dev9p.poll_snapshot_answers_at_zero_timeout	PASS	
dev9p.poll_local_and_remote_both_reported	PASS	
dev9p.poll_snapshot_shortage_is_resent	PASS	
dev9p.poll_unanswered_snapshot_fails_safe	PASS	
dev9p.poll_arm_wakes_the_parked_poller	PASS	
dev9p.poll_retry_timer_is_a_wake	PASS	
dev9p.poll_widen_keeps_the_old_arm_until_replaced	PASS	
dev9p.poll_cancel_at_close	PASS	
dev9p.poll_gc_flushes_with_the_unlink	PASS	
dev9p.rename	PASS	
dev9p.unlink	PASS	
dev9p.unlink_rename_errno	PASS	
dev9p.stat_native_maps_getattr	PASS	
dev9p.wstat_native_drives_setattr	PASS	
dev9p.prw_wire_offset_and_cursor	PASS	
dev9p.wstat_readonly_fd	PASS	
dev9p.wstat_size	PASS	
dev9p.cape	PASS	
dev9p.path_create_refuses_dmsrvcape	PASS	
dev9p.walk_create_refuses_dmsrv_bits	PASS	
dev9p.remote_format_ns	PASS	
dev9p.origin_format_ns	PASS	
dev9p.walk_attrs	PASS	
dev9p.wga_unsupported_by_errno	PASS	
dev9p.page_cache_serve_and_gate	PASS	
dev9p.read_align_heals_partial	PASS	
dev9p.read_align_short_not_eof	PASS	
dev9p.open_trunc_invalidates	PASS	
dev9p.read_eof_attr_served	PASS	
dev9p.cached_open	PASS	
dev9p.cached_open_fallbacks	PASS	
dev9p.cached_open_loose	PASS	
dev9p.wb_coalesce_one_twrite	PASS	
dev9p.wb_overlay_read	PASS	
dev9p.wb_flush_at_close	PASS	
dev9p.wb_fsync_flush_and_error	PASS	
dev9p.wb_nonappend_writethrough	PASS	
dev9p.wb_fstat_staged_size	PASS	
dev9p.wb_cap_flush	PASS	
dev9p.wb_budget_fallback	PASS	
dev9p.wb_populate_readback	PASS	
dev9p.wb_populate_append_chain	PASS	
dev9p.wb_populate_failed_flush	PASS	
dev9p.wb_writethrough_range	PASS	
dev9p.perm_enforced_deny_allow	PASS	
p9_attached.create_destroy	PASS	
p9_attached.handshake_failure_returns_null	PASS	
p9_attached.handshake_rlerror_ecode_overflow_clamped	PASS	
p9_attached.root_spoor_walk_read	PASS	
p9_attached.query_helpers	PASS	
p9_attached.walked_outlives_root_no_uaf	PASS	
p9_attached.ctl_registry	PASS	
p9_closer.dying_close_delivers_tclunk	PASS	
p9_closer.stalled_session_holds_one_closer	PASS	
p9_closer.flushed_walk_fid_clunked	PASS	
p9_closer.failed_spawn_retried_by_hand_off	PASS	
p9_closer.hand_off_inside_failed_spawn_retried	PASS	
p9_closer.hand_off_inside_spawn_no_duplicate	PASS	
p9_closer.clunk_killed_while_self_pumping	PASS	
p9_closer.orphan_oom_on_dead_session_quiet	PASS	
sys_walk_open.max_length_name_nul_terminated	PASS	
spoor_transport.init_destroy	PASS	
spoor_transport.init_null_rejected	PASS	
spoor_transport.send_routes_to_tx_dev_write	PASS	
spoor_transport.recv_routes_to_rx_dev_read	PASS	
spoor_transport.recv_empty_returns_zero	PASS	
spoor_transport.close_clunks_when_owned	PASS	
spoor_transport.close_preserves_when_unowned	PASS	
spoor_transport.transport_core_round_trip	PASS	
spoor_transport.end_to_end_handshake	PASS	
9p_srvconn_transport.init_destroy	PASS	
9p_srvconn_transport.init_null_rejected	PASS	
9p_srvconn_transport.send_routes_to_c2s_ring	PASS	
9p_srvconn_transport.recv_routes_from_s2c_ring	PASS	
9p_srvconn_transport.large_frame_roundtrip	PASS	
9p_srvconn_transport.cape_attach	PASS	
9p_srvconn_transport.cape_attach_srv	PASS	
9p_srvconn_transport.srv_attach_names_root	PASS	
9p_srvconn_transport.remote_attach	PASS	
9p_srvconn_transport.remote_attach_srv	PASS	
9p_srvconn_transport.close_drops_srvconn_ref	PASS	
9p_srvconn_transport.kernel_attached_skips_teardown_on_handle_close	PASS	
9p_srvconn_transport.send_preserves_caller_deadline	PASS	
9p_srvconn_transport.deadline_vtable_routes	PASS	
9p_srvconn_transport.devgone_posts_nodev_cqe	PASS	
9p_srvconn_transport.transport_err_posts_eio_cqe	PASS	
9p_srvconn_transport.pts_slave_spoor_classifies_t	PASS	
pipe.smoke	PASS	
pipe.read_on_empty_returns_zero	PASS	
pipe.write_to_full_returns_zero	PASS	
pipe.write_short_when_partially_full	PASS	
pipe.nonblock_returns_eagain	PASS	
pipe.wraparound	PASS	
pipe.read_on_write_end_rejected	PASS	
pipe.write_on_read_end_rejected	PASS	
pipe.close_one_end_keeps_other_alive	PASS	
pipe.close_both_ends_frees_ring	PASS	
pipe.compose_with_spoor_transport	PASS	
pipe.cnbframe_atomic_nonblocking	PASS	
pipe.attach_9p_admits_pipes_only	PASS	
pipe.fstat_reports_fifo	PASS	
pipe_blocking.write_wakes_sleeping_reader	PASS	
pipe_blocking.read_wakes_sleeping_writer	PASS	
pipe_blocking.close_write_end_wakes_reader_with_eof	PASS	
pipe_blocking.close_read_end_wakes_writer_with_epipe	PASS	
pipe_blocking.multi_readers_share_one_empty_pipe	PASS	
pipe_blocking.multi_writers_share_one_full_pipe	PASS	
poll.ready_immediately_pollin	PASS	
poll.ready_immediately_pollout	PASS	
poll.timeout_zero_not_ready	PASS	
poll.timeout_positive_fires	PASS	
poll.block_then_wake_pollin	PASS	
poll.pollhup_on_close_write_end	PASS	
poll.cons_deferred_block_then_wake	PASS	
poll.multi_fd_one_ready	PASS	
poll.bad_fd_revents_pollnval	PASS	
poll.bad_args_rejected	PASS	
poll.always_ready_null_dev_poll	PASS	
poll.pollerr_on_write_after_read_close	PASS	
poll.unregister_after_fast_path	PASS	
poll.devsrv_listener_immediate_pollin	PASS	
poll.devsrv_listener_empty_not_ready	PASS	
poll.devsrv_listener_block_then_wake	PASS	
poll.devsrv_listener_pollhup_on_tombstone	PASS	
poll.devsrv_conn_pollin_on_send	PASS	
poll.devsrv_conn_pollout_immediate	PASS	
poll.devsrv_conn_pollhup_on_teardown	PASS	
poll.devsrv_conn_block_then_wake_pollin	PASS	
poll.devsrv_client_row	PASS	
poll.devsrv_client_wakes_on_reply_only	PASS	
poll.devsrv_server_pollout_wakes_on_client_drain	PASS	
poll.devsrv_client_pollout_wakes_on_server_blocking_drain	PASS	
poll.devsrv_client_kernel_attached_pollnval	PASS	
poll.devsrv_client_wakes_on_teardown	PASS	
poll.timeout_survives_a_busy_list	PASS	
poll.death_ends_a_noise_driven_poll	PASS	
poll.stop_parks_a_noise_driven_poll	PASS	
thread.kstack_watermark_follows_the_frontier	PASS	
poll.noise_keeps_it_looping	PASS	
poll.noise_keeps_the_deadline	PASS	
poll.null_obj_spoor_pollnval	PASS	
poll.mixed_spoor_and_srv	PASS	
poll.max_nfds	PASS	
poll.pre_resolved_spoor	PASS	
poll.sleep_for_waits	PASS	
sys_pipe.allocates_two_distinct_spoor_handles	PASS	
sys_pipe.proc_free_releases_handles	PASS	
sys_pipe.handle_close_releases_one_end	PASS	
sys_pipe.fstat_reports_fifo	PASS	
sys_rw.write_then_read_round_trip	PASS	
sys_rw.rights_check	PASS	
sys_rw.zero_length_validates_fd	PASS	
sys_rw.read_after_close_returns_eof	PASS	
sys_rw.write_after_read_close_returns_epipe	PASS	
sys_prw.pipe_not_seekable	PASS	
sys_prw.pread_devramfs_offset_and_cursor	PASS	
sys_prw.rights_and_walkonly	PASS	
sys_pipe.dup_spoor_handle_acquires_ref	PASS	
userspace.pipe_probe_round_trip	PASS	
sys_attach_9p.rejection_paths	PASS	
sys_attach_9p.names_root_by_its_pipe	PASS	
sys_attach_9p.declarations	PASS	
sys_mount.happy_path_grafts_pipe_spoor	PASS	
sys_mount.idempotent_on_duplicate	PASS	
sys_mount.rejects_bad_fd	PASS	
sys_mount.rejects_missing_right_read	PASS	
sys_mount.rejects_invalid_flags	PASS	
sys_mount.rejects_null_territory	PASS	
sys_unmount.removes_entry_and_drops_ref	PASS	
sys_unmount.rejects_nonexistent_target	PASS	
sys_mount.caller_close_keeps_mount_alive	PASS	
sys_mount.refuses_a_type_mismatch	PASS	
sys_mount.refuses_all_but_mrepl_at_a_file	PASS	
sys_mount.type_check_reads_only_qtdir	PASS	
sys_mount.accepts_an_ordered_mount_at_a_directory	PASS	
userspace.attach_probe_round_trip	PASS	
sys_mlockall.cap_gate	PASS	
sys_set_dumpable.one_way_to_zero	PASS	
sys_set_traceable.one_way_to_zero	PASS	
sys_corvus_caps.kproc_has_new_caps	PASS	
kern_random.seeded_returns_true_on_qemu	PASS	
kern_random.bytes_produces_nonzero	PASS	
chacha20.block_vector	PASS	
chacha20.keystream_continuity	PASS	
kern_random.two_reads_differ	PASS	
kern_random.large_read_nonzero	PASS	
kern_random.virtio_reseed	PASS	
kern_random.virtio_deadline_ticks	PASS	
sys_spawn.happy_path	PASS	
sys_spawn.rejects_null_name	PASS	
sys_spawn.rejects_zero_len	PASS	
sys_spawn.rejects_oversize_name	PASS	
sys_spawn.rejects_missing_binary	PASS	
sys_spawn.rejects_embedded_nul	PASS	
sys_wait_pid.no_children_returns_neg1	PASS	
sys_spawn_with_fds.rejects_oversize_fd_count	PASS	
sys_spawn_with_fds.rejects_bad_fd	PASS	
sys_spawn_with_fds.rejects_non_spoor_fd	PASS	
sys_spawn_with_fds.rejects_missing_binary	PASS	
sys_spawn_with_fds.zero_count_succeeds	PASS	
sys_spawn_with_fds.child_rights_subset_of_parent	PASS	
sys_spawn.killed_child_delivers_pipe_eof_before_reap	PASS	
sys_spawn.joined_multithread_child_delivers_pipe_eof_before_reap	PASS	
sys_spawn_with_caps.happy_path_zero_mask	PASS	
sys_spawn_with_caps.happy_path_subset_of_parent	PASS	
sys_spawn_with_caps.clamps_to_parent	PASS	
sys_spawn_with_caps.rejects_missing_binary	PASS	
sys_spawn_with_caps.rejects_oversize_name	PASS	
sys_spawn_full.happy_path_fds_and_caps	PASS	
sys_spawn_full.zero_count_zero_mask_succeeds	PASS	
sys_spawn_full.rejects_oversize_fd_count	PASS	
sys_spawn_full.rejects_bad_fd	PASS	
sys_spawn_full.rejects_missing_binary	PASS	
sys_spawn_with_perms.zero_perm_is_spawn_full	PASS	
sys_spawn_with_perms.console_attached_grants_may_post	PASS	
sys_spawn_with_perms.rejects_non_console_attached_parent	PASS	
sys_spawn_with_perms.rejects_unknown_perm_bits	PASS	
sys_spawn_with_perms.holder_delegates_may_post	PASS	
sys_spawn_with_perms.console_trusted_not_delegable	PASS	
sys_spawn_with_perms.console_owner_grant_gate	PASS	
sys_spawn_with_perms.console_owner_set_wiring	PASS	
sys_spawn_with_perms.seat_roles	PASS	
sys_spawn_with_perms.renderer_gate	PASS	
sys_spawn_with_perms.seal_blocks_debug_and_dump	PASS	
sys_spawn_full_argv.no_argv_acts_as_spawn_with_perms	PASS	
sys_spawn_full_argv.golden_argc4	PASS	
sys_spawn_full_argv.rejects_argc_over_max	PASS	
sys_spawn_full_argv.rejects_data_len_over_max	PASS	
sys_spawn_full_argv.rejects_missing_trailing_nul	PASS	
sys_spawn_full_argv.rejects_nul_count_mismatch	PASS	
sys_spawn_full_argv.rejects_argc_with_zero_data_len	PASS	
sys_spawn_full_argv.rejects_zero_argc_with_nonzero_data	PASS	
sys_spawn_full_argv.rejects_non_console_attached_perm_flags	PASS	
sys_spawn_full_argv.validate_req_golden	PASS	
sys_spawn_full_argv.validate_req_rejects_pad_envp	PASS	
sys_spawn_full_argv.validate_req_rejects_unknown_perm_bits	PASS	
sys_spawn_full_argv.validate_req_pheno_flags	PASS	
sys_spawn_full_argv.validate_req_rejects_oversize_fields	PASS	
birth_hold.validate_req	PASS	
birth_hold.publication_mark	PASS	
birth_hold.released_predicate	PASS	
birth_hold.parked_wakes_birth_wait	PASS	
birth_hold.orphan_rule	PASS	
birth_hold.held_spawn_parks	PASS	
birth_hold.held_spawn_death_wins	PASS	
userspace.stratumd_stub_round_trip	PASS	
userspace.stratumd_stub_fs_round_trip	PASS	
userspace.stratumd_stub_walk_round_trip	PASS	
userspace.stub_driver_round_trip	PASS	
userspace.irq_latency_bench_failure	PASS	
userspace.irq_latency_bench	PASS	
caps.kproc_has_all	PASS	
caps.kproc_has_hw_create	PASS	
caps.rfork_child_has_none	PASS	
caps.rfork_with_caps_grants_subset	PASS	
caps.rfork_with_caps_clamps_to_parent	PASS	
caps.rfork_with_caps_zero_mask	PASS	
caps.rfork_strips_elevation_only	PASS	
caps.rfork_inherits_legate_scope	PASS	
caps.rfork_flows_under_propagating_scope	PASS	
caps.rfork_no_flow_without_propagating	PASS	
caps.rfork_flow_bounded_by_mask	PASS	
mmio_handle.create_basic	PASS	
mmio_handle.create_misaligned_rejected	PASS	
mmio_handle.create_zero_size_rejected	PASS	
mmio_handle.create_overflow_rejected	PASS	
mmio_handle.create_overlap_rejected	PASS	
mmio_handle.create_adjacent_ok	PASS	
mmio_handle.create_unref_releases_slot	PASS	
mmio_handle.live_count_round_trip	PASS	
mmio_handle.kernel_reserved_rejected	PASS	
mmio_handle.virtio_mmio_claimable	PASS	
mmio_handle.out_of_ips_rejected	PASS	
handle_hw.mmio_dup_rejected	PASS	
handle_hw.irq_dup_rejected	PASS	
handle_hw.mmio_close_releases_claim	PASS	
handle_hw.irq_close_releases_intid	PASS	
handle_hw.irq_kernel_reserved_rejected	PASS	
handle_hw.irq_out_of_range_rejected	PASS	
burrow_mmio.create_basic	PASS	
burrow_mmio.create_null_rejected	PASS	
burrow_mmio.create_holds_kobj_ref	PASS	
burrow_mmio.unref_releases_kobj_ref	PASS	
burrow_mmio.acquire_mapping_works	PASS	
burrow_mmio.lifecycle_round_trip	PASS	
mmio_map.install_vma	PASS	
mmio_map.overlap_rejected	PASS	
mmio_map.proc_free_releases_kobj	PASS	
dma_handle.create_basic	PASS	
dma_handle.zero_size_rejected	PASS	
dma_handle.oversize_rejected	PASS	
dma_handle.round_up_to_page	PASS	
dma_handle.distinct_pa	PASS	
dma_handle.unref_releases_chunk	PASS	
dma_handle.zero_init	PASS	
burrow_dma.create_basic	PASS	
burrow_dma.create_null_rejected	PASS	
burrow_dma.holds_kobj_ref	PASS	
burrow_dma.lifecycle_round_trip	PASS	
dma_map.install_vma	PASS	
dma_map.proc_free_releases_kobj	PASS	
skein.blocks_tile_the_buffer	PASS	
skein.offset_resolution	PASS	
skein.small_weave_stays_one_block	PASS	
skein.scope_plain_never_scatters	PASS	
skein.gpu_bo_scatters	PASS	
skein.full_envelope_weave	PASS	
skein.zero_init_across_blocks	PASS	
skein.one_block_resolves_throughout	PASS	
skein.stride_is_the_objects_not_the_constant	PASS	
dma_segments.refuses_not_truncates	PASS	
perm.check_owner_group_other	PASS	
perm.check_owner_first	PASS	
perm.check_hostowner_override	PASS	
perm.in_group	PASS	
perm.want_for_omode	PASS	
perm.rights_for_omode	PASS	
perm.oexec_no_read_leak	PASS	
perm.wstat_policy	PASS	
perm.devramfs_enforced_real_metadata	PASS	
perm.dev_flags	PASS	
perm.check_dac_override_cap	PASS	
perm.wstat_chown_cap	PASS	
perm.check_want_zero_denied	PASS	
perm.wstat_rejects_unknown_valid_bit	PASS	
path.make_root	PASS	
path.addelem_forms	PASS	
path.parent_forms	PASS	
path.addelem_overflow_null	PASS	
path.ref_balance	PASS	
path.spoor_clone_shares	PASS	
path.spoor_extend	PASS	
path.spoor_transplant	PASS	
stalk.resolve_multi	PASS	
stalk.resolve_deep	PASS	
stalk.leading_and_double_slash	PASS	
stalk.dot_noop	PASS	
stalk.dotdot_pop	PASS	
stalk.dotdot_containment	PASS	
stalk.xsearch_deny	PASS	
stalk.missing_component	PASS	
stalk.err_codes	PASS	
stalk.notdir	PASS	
stalk.dot_notdir	PASS	
stalk.dot_notdir_mount	PASS	
stalk.dot_xsearch	PASS	
stalk.trailing_slash	PASS	
stalk.trailing_slash_mount	PASS	
stalk.opath_no_open	PASS	
stalk.open_root	PASS	
stalk.open_replace	PASS	
stalk.depth_cap	PASS	
stalk.lifetime_no_leak	PASS	
stalk.long_component_bound	PASS	
stalk.cross_mount	PASS	
stalk.cross_mount_final_quarry	PASS	
stalk.cross_mount_xsearch_deny	PASS	
stalk.mount_amode_no_cross	PASS	
stalk.cross_mount_chain	PASS	
stalk.cross_mount_no_leak	PASS	
stalk.union_walk	PASS	
stalk.union_order	PASS	
stalk.union_xskip	PASS	
stalk.union_readdir	PASS	
stalk.union_readdir_paginate	PASS	
stalk.union_readdir_nontagged	PASS	
stalk.union_create	PASS	
stalk.union_create_first_wins	PASS	
stalk.union_create_no_target	PASS	
stalk.union_one_member_creates_alike	PASS	
stalk.union_member_holding	PASS	
stalk.union_remove_uncrossed	PASS	
stalk.union_fd_base	PASS	
stalk.union_opath_base	PASS	
stalk.union_zero_component	PASS	
stalk.union_dissolved_degrades	PASS	
stalk.dotdot_crossed_base_floor	PASS	
stalk.union_live_dotdot_walks_unopened	PASS	
stalk.union_dissolved_point_unreachable	PASS	
stalk.remove_parent_reports_union_point	PASS	
stalk.mount_names_crossed_base	PASS	
stalk.mount_names_crossed_union_base	PASS	
stalk.union_dissolved_helper	PASS	
stalk.union_covered_walk	PASS	
stalk.union_covered_after	PASS	
stalk.union_covered_readdir	PASS	
stalk.union_covered_create	PASS	
stalk.union_covered_unmount	PASS	
stalk.union_covered_dissolved	PASS	
stalk.union_covered_holder	PASS	
stalk.pheno_symlink_reanchor	PASS	
stalk.path_accumulate	PASS	
stalk.path_dotdot	PASS	
stalk.path_cross_transplant	PASS	
stalk.path_adopt_transplant	PASS	
stalk.pounce_engaged	PASS	
stalk.pounce_acces_masks_noent	PASS	
stalk.pounce_parity_nowa	PASS	
stalk.pounce_full_walk_past_mount	PASS	
stalk.stat_query	PASS	
stalk.stat_mount_leaf	PASS	
sys_stat.for_proc	PASS	
stalk.pounce_unsupported_fallback	PASS	
stalk.cached_open_arm	PASS	
stalk.cached_open_denials	PASS	
stalk.cached_open_mount_fallback	PASS	
stalk.symlink_follow	PASS	
stalk.symlink_bounds	PASS	
stalk.symlink_nofollow	PASS	
stalk.symlink_stat_vs_lstat	PASS	
stalk.symlink_pounce_split	PASS	
stalk.symlink_lifetime	PASS	
stalk.open_create_cwd_parity	PASS	
stalk.open_create_open_if_present	PASS	
stalk.open_create_mkdir_and_nest	PASS	
stalk.open_create_leaf_rows	PASS	
stalk.open_create_containment_and_denials	PASS	
